1, 1, 2022-01-15, Troca de Óleo - Balanceamento de Pneus
2, 3, 2022-02-20, Alinhamento de Rodas - Troca de Filtro de Ar
3, 5, 2022-03-25, Substituição de Pastilhas de Freio - Diagnóstico Eletrônico
4, 7, 2022-04-30, Serviço de Ar Condicionado - Substituição da Bateria
5, 9, 2022-05-05, Troca de Líquido de Arrefecimento - Substituição do Filtro de Combustível
6, 2, 2022-06-10, Inspeção Geral de Veículos - Serviço de Freio ABS
7, 4, 2022-07-15, Substituição da Correia Dentada - Serviço de Direção Hidráulica
8, 6, 2022-08-20, Limpeza do Sistema de Escape - Serviço de Troca Rápida
1, 8, 2022-09-25, Diagnóstico Eletrônico - Limpeza do Sistema de Escape
2, 10, 2022-10-30, Troca de Filtro de Ar - Serviço de Ar Condicionado
3, 1, 2022-11-05, Troca de Óleo - Substituição da Correia Dentada
4, 3, 2022-12-10, Alinhamento de Rodas - Serviço de Freio ABS
5, 5, 2021-01-15, Limpeza do Sistema de Escape - Troca de Líquido de Arrefecimento
6, 7, 2021-02-20, Troca de Filtro de Ar - Substituição de Pastilhas de Freio
7, 9, 2021-03-25, Serviço de Troca Rápida - Substituição da Bateria
8, 2, 2021-04-30, Inspeção Geral de Veículos - Troca de Óleo
1, 4, 2021-05-05, Balanceamento de Pneus - Serviço de Direção Hidráulica
2, 6, 2021-06-10, Serviço de Ar Condicionado - Troca de Filtro de Ar
3, 8, 2021-07-15, Substituição do Filtro de Combustível - Diagnóstico Eletrônico
4, 10, 2021-08-20, Serviço de Freio ABS - Troca de Líquido de Arrefecimento